Diskon 70% Debenhams Mulai Terendus Pembeli	0
'Janji Kotor' Madonna untuk Penggemar Hillary Clinton	0
Dadu 'Kakbah' Terakhir Djan Faridz	0
Inflasi Terkendali, BI Berpeluang Pangkas Suku Bunga Acuan	0
Trump Tuding Kerusuhan di Kampanyenya Ulah Clinton	0
Berbagi Foto Via WhatsApp Kini Bisa 'Dicoret-coret'	0
Ahok Akhirnya Ajukan Cuti	0
Memaknai 'Sayang' dalam Pesta Sastra Asia Tenggara	0
Rossi Anggap MotoGP 2016 Musim Terburuknya	0
BNI Syariah Nikmati Lonjakan Laba 37,24 Persen di Kuartal III	0
Indef Sentil Jokowi, Belum Mampu Wujudkan Kemandirian Ekonomi	0
Wajah Muram Papua di Tangan Jokowi	0
Akhir Sempurna Honda dan Marquez di Motegi	0
Guardiola Ungkap Alasan Pakai 'False Nine' Lawan Barca	0
Daya Saing Turun, Indef Beri Rapor Merah Dua Tahun Jokowi	0
Penghinaan Terhadap Monarki Thailand Marak Usai Raja Wafat	0
Rossi: Saya Ogah Finis di Posisi Dua	0
Valentino Rossi: Marquez Pantas Juara Dunia	0
Menguji Kemampuan Vajiralongkorn Memimpin Monarki Thailand	0
Seorang Wanita Thailand Didesak Berlutut di Depan Foto Raja	0
Pengamat Ragukan Daulah Islamiyah Terkait Teror Tangerang	0
Dada Fellaini Tuai Pujian di Linimasa	0
Jejak Prestasi Jokowi Ala Istana	0
Garuda dan Citilink 'Menghilang' dari Daftar Traveloka	0
Penyerang Kapolsek Tangerang Diduga Anggota Daulah Islamiah	0
Koleksi Terbaru RI Bikin Si Doggie Makin Modis	0
Efek Buruk Menyimpan Tomat di Kulkas	0
Pak Jokowi dan Cengkeraman Para Tuan Tanah	0
Rossi: Honda Melesat Tinggalkan Yamaha	0
Industri Seks Thailand Lesu Usai Kematian Raja Bhumibol	0
Dua Puluh Lima Menit Neraka untuk Liverpool	0
Dalam Debat Donald Trump Sebut Hillary Clinton 'Wanita Jahat'	0
Meski Raja Wafat, Pemilu Thailand Tetap Digelar Tahun Depan	0
Kisah Atlet Tuna Netra: Dari Juru Pijat ke Goalball	0
XFRMR: Inovasi Musik dari Kumparan Tesla	0
Mengingat Kartu-kartu yang Keluar Dalam Laga Liverpool vs MU	0
Liverpool vs MU Berakhir Tanpa Gol di Anfield	0
Kala Peniti Raksasa Jadi Aksesori Punk yang Gaya	0
Setelah Disney, Sony Pictures pun Bikin Film 'Mulan'	0
Kaus Hitam Laris Manis dalam Masa Berkabung di Thailand	0
Peringkat Timnas Indonesia di FIFA Bukan Target Riedl	0
Libatkan Anak dalam Proses Pembuatan Makanan	0
Festival Raja Ampat Buka Pintu Bagi Penyelam Pemula	0
Barista Kafe Olivier Disebut Terima Uang dari Suami Mirna	0
Jaksa Agung Sebut Pungli Serupa dengan Korupsi	0
Tetangga Sebut Pelaku Teror di Tangerang Pernah Daftar Polisi	0
Pelaku Teror di Tangerang Adik Kandung Polisi	0
Survei SMRC: Elektabilitas Ahok-Djarot Teratas	0
Satu Lagi Gugusan Terumbu Karang Terancam Punah	0
Facebook Jadi Lahan Subur Pengiklan Digital Mobile	0
Anggota Wantimpres Sebut Kasus HAM Tertahan Kekuatan Politik	0
Puja-puji Jepang untuk Jokowi, Menyisakan Satu Ganjalan	0
Ditemukan Transaksi Narkotik, Ahok Ultimatum Diskotek Crown	0
Polisi Geledah Rumah Penyerang Polisi Tangerang	0
Kemenkeu Sukses Comblangi Pendanaan US$310 juta PLTGU Jawa 2	0
Penjual Teh Panas di Pakistan Dikontrak Jadi Model 'Panas'	0
Ahok Ajukan Cuti Agar Pencalonan Tak Dibatalkan	0
Menteri Susi Dinilai Masih Lembek Terhadap Pencuri Ikan	0
Timnas Indonesia Naik Lagi Dua Tingkat di FIFA	0
Jawab Protes, Jonan Temui Asosiasi Smelter Besok di Kantor JK	0
Pelatih Persija Kecewa Batal Bermarkas di Stadion Patriot	0
Gwen Stefani & Blake Shelton Pamer Kemesraan di Depan Obama	0
Pria di Korsel Tewas Tersangkut Pintu Kereta Bawah Tanah	0
Angelina Jolie dan Anak-anak Diwawancarai FBI	0
Terinspirasi Sukarno, Anies-Sandi Luncurkan Salam Bersama	0
Pabrik Lenovo di Serang Siap Rakit Ponsel Motorola	0
Pelaku Teror Tangerang dan Jaringan Ciamis	0
Sri Mulyani Mengaku Urus Pajak di Indonesia Berabe	0
Dua Direksi Lama Pertamina Naik Kelas Duduki Jabatan Baru	0
Peluang Indonesia di Oscar	0
Polisi Bakal Periksa Kakak Pelaku Teror Tangerang	0
Virus Zika Ditemukan dalam Cairan Vagina	0
Bos BEI Acungi Jempol Kebijakan Kontroversial Jokowi	0
Pusat Riset Apple di Indonesia Masih Belum Jelas	0
Ahok Laporkan Kontraktor Rusun Bermasalah ke Bareskrim	0
Trio 'MSN' Sudah Tembus 100 Gol di 2016	0
BI Revisi Lagi Proyeksi Pertumbuhan Ekonomi RI	0
Nintendo Switch, Konsol Game Paling Ditunggu Hadir Maret 2017	0
Blunder Bravo Tak Buat Guardiola Ubah Filosofi Sepak Bola	0
Pemimpin Berganti, Kebijakan AS di Asia Dipastikan Sama	0
Avanza Masih Pimpin Segmen Low MPV dan Paling Tenar di Medsos	0
Rupiah Menguat Sampai Akhir Tahun Berbekal Dana Asing US$12 M	0
Gubernur Rano Karno Imbau Warga Tangerang Tak Khawatir Teror	0
Menpora: Event Olahraga Nasional Harus Terukur	0
Marc Marquez: Pestanya Telah Selesai, Bung!	0
Merayakan Halloween dari Peti Mati Si Pengisap Darah	0
Ancaman Flu Burung, Kebun Binatang India Tutup Sementara	0
KPK Diminta Buka Penyelidikan Baru Kejahatan Korporasi	0
Donatella Klaim Film Serial Pembunuhan Gianni Versace Fiktif	0
Malam Ini Ada Fenomena Tahunan Hujan Meteor Orionid	0
Mantan Bos XL Fokus Jembatani PT Pos dan Pelaku E-commerce	0
Protelindo Tawarkan Surat Utang Rp1,5 Triliun	0
Wolverine Menua di Cuplikan Perdana Seri Terakhirnya 'Logan'	0
Lebih Banyak Turis Ketimbang Penduduk di Islandia	0
Agus-Sylvi Bakal Genjot Kampanye Lewat Media Sosial	0
AS Terus Bujuk Indonesia untuk Bergabung dengan TPP	0
Berkat MU, Liverpool Lebih Percaya Diri Lawan West Brom	0
Menguntit Foto Selfie Teman Dapat Pengaruhi Kejiwaan	0
Sejak Awal Tahun, Penjualan Semen Baturaja Menanjak 3%	0
Tekad Menteri Susi di Tengah Kepungan Pencuri Ikan	0
Gugun Blues Shelter Patah Hati di Album Baru	0
Pengadilan Niaga Bakal Gelar Rapat Kreditur Perpanjangan PKPU First Travel 	0
BRI akan 'Stock Split' dengan Rasio 1:5	0
Bisakah Pemerintah RI Berhenti Berutang?	0
Kekayaan Trump Turun Rp 8 T, Masih Masuk Jajaran Terkaya di AS	0
Naya Tinanda, CEO Generasi Milenial yang Berani Melawan Produk Global	0
1,9 Juta Penduduk Indonesia Rekam Data E-KTP Lebih Dari Sekali	0
7,5 Juta Warga Masih Pakai KTP Non-Elektronik yang Sudah Tak Diakui	0
Pemerintah Tampung Pendanaan Infrastruktur dari Dermawan	0
Mayoritas Bunga Kredit Bank Mandiri Sudah Satu Digit	0
Penjualan Mobil Bekas di Pangkal Pinang Anjlok hingga 50 Persen	0
Rencana Kegiatan Usaha Diperbaiki, KLHK Jamin Kelangsungan Usaha RAPP	0
Belanja Jokowi Tahun Depan Disetujui DPR Rp 2.220 Triliun	0
Naik Taksi Online, Menhub: Supir Ramah, Bayarnya Murah	0
Indonesia-Turki Sepakat Tingkatkan Kerja Sama Perdagangan	0
Bertambah Rp 1.200 Triliun, Utang Pemerintah Masih Aman?	0
Teken Kerja Sama dengan Kemendagri, 10 Lembaga Keuangan Dapat Ketahui Data Nasabah	0
Dear Pak Menhub, Kok Ojek Online Tak Diatur Sekalian?	0
Harga Spesial untuk Pembelian Elektronik di Transmart Carrefour	0
Penjualan Mobil Bekas di Pangkal Pinang Anjlok hingga 50 Persen	0
Inilah Cara Patungan dalam Membangun Bisnis Biar Untung Bersama	0
Harga Emas Turun Rp 4.000, Sekarang Dijual Rp 623.562/Gram	0
Puan: Kemiskinan Turun dari 11,25% ke 10,64%	0
Jokowi Jadikan Bintan Kawasan Perdagangan Bebas 70 Tahun	0
Bayar Tol 88% Sudah Non Tunai Kok Masih Macet? Ini Kata Jasa Marga	0
Per 20 Oktober 2017, Penggunaan Uang Elektronik di Tol Sudah 88 Persen	0
Kapitalisasi Pasar Bursa Efek Indonesia Tembus Rp 6.600 Triliun	0
Murah Mana, Pesan Taksi Online Sendiri atau Lewat Gerai Bandara Soetta?	0
Taksi Online Tak Patuh Aturan di Bandara Soetta, Apa Sanksinya?	0
Grab Sudah Resmi di Bandara Soetta, Go-Car dan Uber Kapan?	0
KPPU Minta Kemenag Tetapkan Standar Penyelenggaraan Haji dan Umrah	0
Dari Target Rp 20 Triliun, ORI014 Hanya Terjual Rp 8,95 Triliun	0
Kisah Bisnis Yusuf Mansur, dari Jualan Baju Hingga Perusahaan Investasi	0
Bisnis Minuman Alkohol Masih Tertekan	0
Pasar Ekonomi Syariah di Indonesia Belum Tergarap Maksimal	0
Menyeimbangkan Pembangunan di Indonesia Barat dan Timur	0
PGN Raih BUMN Performance Excellence Award 2017	0
Mungkinkah Indonesia Bangun Pembangkit Listrik Tenaga Nuklir?	0
Jokowi Kumpulkan Menteri Bahas Program Padat Karya Cash	0
Program Padat Karya Cash Jokowi Dimulai Januari 2018	0
Perbankan Kembangkan Teknologi QR Code	0
Tak Ada Beda, Rokok Elektrik Lokal dan Impor Kena Cukai 57%	0
Kena Cukai 57%, Konsumsi Rokok Elektrik Harus Dikurangi	0
Pengrajin Caping Lukis Ini Omzetnya Naik Karena Kantongi Hak Cipta	0
September 2017, Jumlah Rekening Bersaldo di Atas Rp 2 Miliar Naik Tipis	0
Djarot Ingin Pasar Tradisional Gabung Rusun dan Pusat Olahraga	0
Cerita di Balik Program Padat Karya Cash Jokowi	0
Komentar Jonan soal Kapal Terapung Pengolah Gas Terbesar di Indonesia	0
Harga Emas Melemah Jelang Keputusan Federal Reserve	0
Kuartal III, Penjualan Produk Unilever Indonesia Melambat	0
September 2017, Kunjungan Turis Asing Menurun	0
VIK Kompas.com Raih Penghargaan Internasional Asia Digital Award	0
"Produk Impor Kuasai Pasar ""Online"" Indonesia"	0
BPK Ingatkan Pemerintah: Opini WTP Bukan Hadiah	0
Pemerintah Siapkan Satelit Pelengkap Palapa Ring	0
Boneka Barbie dan Hot Wheels Buatan Cikarang Kuasai Pasar Global	0
Harga Rokok Picu Inflasi DKI Jakarta pada November 2017	0
"Ketika Menteri Susi ""Paddling"" di Dekat Kapal Silver Sea 2"	0
Bagikan 10.000 Sertifikat Tanah, Jokowi: Tak Ada Lagi Sengketa	0
Stasiun Penyedia Listrik Umum PLN Jakarta Raya Raih Penghargaan	0
Robert Pakpahan: Amanah Menjadi Dirjen Pajak Penuh Tantangan	0
Telkomsigma Raih Penghargaan Managed Service Provider Terbaik dari Frost & Sullivan	0
Kementerian Kesehatan Umumkan Hasil Akhir Seleksi CPNS	0
Pengusaha Hotel Sepakat Beri Harga Termurah bagi Wisatawan yang Tertahan di Bali	0
Waspadai Meterai Palsu, Dijual di Bawah Harga Seharusnya	0
Gunung Agung Erupsi, Hotel di Bali Beri Diskon Hingga Harga Termurah	0
Menyeimbangkan Pembangunan di Indonesia Barat dan Timur	0
Pengangguran Bertambah 10.000 Orang, Bikin Lambat Konsumsi?	0
Prabowo Sebut Gaji Gubernur Kecil, Nih Lihat Tunjangannya	0
Menkes Minta Mendag Batasi Penjualan Rokok Elektrik	0
Kembangkan Alat Pertanian, Kementan Gandeng IPB	1
Harga Fluktuatif, Industri Minta Penanganan Pasca-Panen Cabai Dikembangkan	1
Harga Bawang Turun Jadi Rp 20.000/Kg Karena Stok Melimpah	1
Bawang Lagi Murah Nih, Rp 20.000 Sekilo	1
Lahan Gambut Bekas Kebakaran Dimanfaatkan Jadi Lahan Pertanian Nanas	1
Resmikan Lulu Hypermarket, Jokowi Lihat-lihat Produk Petani Lokal	1
Tidak Mungkin Memenuhi Permintaan Pak Jokowi	1
Bawang dari Nganjuk Didatangkan ke Jakarta untuk Stabilkan Harga	1
Jumlah Penduduk Miskin Bertambah akibat Kenaikan Harga Pangan	1
Beri Sertifikat Tanah HGU ke Ribuan Petani di Jabar, Jokowi Disebut Pembuat Sejarah Kebaikan	1
Menteri Pertanian Sebut Harga Pangan Turun 5,5 Persen	1
Di Lamongan, Harga Daging Sapi Masih Rp 100 Ribu per Kilogram	1
Jadi Raksasa Kopi, tetapi Indonesia Tak Bisa Kendalikan Harga	1
Kementan Klaim Sudah Tingkatkan Produksi Pangan Pokok Untuk Stabilkan Harga	1
Mentan Jamin Pangan Pokok Tersedia Menjelang Hari Raya dengan Harga Stabil	1
Menteri Amran Beberkan Solusi Atasi Fluktuasi Harga Pangan	1
Bulog: Harga Bawang Merah Tak Bisa Langsung Turun Drastis	1
Mentan Klaim Telah Turunkan Harga Kebutuhan Pokok, Fokus Selanjutnya Daging Sapi	1
Mentan Akan Pakai Sistem Seperti GoJek untuk Memangkas Rantai Pasokan Pangan    	1
Mentan Heran, Pasokan Minyak Goreng dan Ayam Banyak, tetapi Harga Naik	1
Susi Serahkan Bantuan Rp 1,6 Miliar untuk Budidaya Rumput Laut di Lembata	1
Rizal Ramli: Tol Laut Membuat Harga Bahan Pokok di Indonesia Timur Turun	1
Lembaga Internasional EIU: Pembangunan Pertanian Indonesia Masuk 25 Besar	1
Harga Jengkol Meroket, Mendag: Itu Biasa pada saat Bulan Puasa	1
Terungkap! Permainan yang Bikin Cabai Rawit Merah Mahal	1
Harga Gabah Jatuh karena Hujan Berkepanjangan	1
Negara Agraris, Mengapa Harga Pangan di Indonesia Rawan Bergejolak?	1
Cabai Mahal, Risma Bagi 2,000 Bibit Cabai Gratis di Surabaya	1
Kementan Jaga Stabilitas Pasokan Cabai dan Bawang Merah	1
Kementan Remajakan 20.780 Hektar Kebun Sawit Rakyat	1
Kementan akan Telusuri Keaslian Telur Ayam Kampung di Pasaran	1
Harga Karet Rendah, DPR Minta Kementan Perhatikan Nasib Petani	1
Harga Rotan dan Karet Anjlok, Kelapa Sawit Jadi Primadona	1
Harga Karet Indonesia Terseret Fluktuasi Global	1
Harga Karet di Bangka Belitung Anjlok, Diduga Karena Salah Pengolahan	1
8 KUD Plasma Sampoerna Agro Raih Sertifikat RSPO	1
Kementan Ungkap Penyebab Harga Cabai Kerap Bergejolak	1
Lindungi Petani Cabai, Kementan Terapkan Pola Kemitraan	1
Harga Cabai Anjlok, Ini Komentar Kementan	1
Agustus 2017, Penjualan Eceran Meningkat	1
Mei 2017, Penjualan Eceran Meningkat	1
Survei BI: Laju Penjualan Eceran Melambat	1
CIMB Niaga Dukung Trade Expo Indonesia 2017	1
KPPU Usulkan Pemerintah Atur Harga Eceran Tertinggi Komoditas Unggas	1
KPPU Terus Dalami Praktik Kartel Komoditas Cabai	1
KPPU Endus Praktik Kartel Cabai Merah	1
Tekan Inflasi, Sumatera Utara Galakkan Penanaman Cabai	1
Cabai Rawit Impor dari India Diminati Karena Lebih Pedas	1
Aturan Impor Bebas, Cabai Kering China Mulai Beredar di Sejumlah Pasar	1
Harga Cabai Rawit Merah Masih Sulit Ditekan	1
Pemerintah dan KPPU Berkomitmen Ciptakan Persaingan Usaha yang Sehat	1
Harga Sapi Impor dari Australia Bakal Turun	1
Peternak: Isu Antraks Dimainkan untuk Goyang Harga Daging Sapi	1
Harga Daging Sapi Segar Masih Tinggi	1
Harga Daging Sapi Mahal, Daging Kambing dan Ayam Jadi Alternatif Masyarakat	1
Stabilisasi Harga Daging, Bulog Gandeng Asosiasi Distributor Daging Indonesia	1
Di Depan Jokowi, Gubernur NTB Curhat Harga Bawang-Cabai Naik Turun	1
Petani di Cirebon Curhat Harga Bawang Merah Anjlok	1
Stok Melimpah, Harga Bawang Turun Jadi Rp 20.000/Kg	1
Jurus Kementan Bantu Petani Cabai Pemula	1
Kementan: RI Ekspor Bawang Merah karena Produksi Melimpah	1
RI Ekspor 30 Ton Bawang Merah NTT ke Timor Leste	1
Harga Cabai Rawit Lagi Murah, Hanya Rp 20.000/Kg	1
Kementan Yakin Stok dan Harga Cabai Stabil Jelang Natal dan Tahun Baru	1
Kementan Inovasi Mesin Panen Bawang Merah	1
H-2 Lebaran, Harga Daging Masih Stabil	1
Pasca Lebaran, Harga Kebutuhan Pokok di Garut Turun	1
Harga Bahan Pangan Turun Pasca Lebaran	1
Harga Daging Sapi Terpantau Masih Tinggi	1
Tommy Winata jual Sembako dan Daging Murah	1
Sidak Harga Ayam, KPPU Temukan Peran Broker	1
Jelang Lebaran Harga Telur Ayam Naik Turun	1
Peternak Tuntut Pemerintah Kendalikan Harga Ayam dan Telur	1
Harga Ayam Anjlok, Peternak Demo	1
Jelang Ramadan, Harga Ayam Merangkak Naik	1
Menteri Susi Akan Pamerkan 10 Kapal Asing Raksasa Pencuri Ikan	1
Tangkapan Nelayan Membaik, Ekspor Gurita Sulsel Melonjak 	1
Harga Bawang Putih Naik Rp 2 Ribu per Kilo Saban Hari	1
Program Diversifikasi Pangan Masih Banyak Kendala	1
Upaya Pemerintah Turunkan Ketergantungan Konsumsi Beras	1
Harga Bawang Merah di Pasar Sedang Murah, Hanya Rp 15.000/Kg	1
Pemerintah Ingin Keadilan Antara Pasar Modern dengan Tradisional	1
Ahok-Djarot Berbagi Tugas Untuk Mengembangkan Pasar Tradisional	1
Jokowi Ingin Akses Produk ke Pasar Tradisional dan Modern Sama 	1
Wajah Baru Sarijadi, Pasar Tradisional Rasa Mal	1
Djarot: Pasar Tradisional Jakarta Harus Berstandar Nasional 	1
Djarot Ingin Pasar Tradisional Gabung Rusun dan Pusat Olahraga	1
Mimpi Pemkot Surabaya Bikin Pasar Tradisional Rasa Mal	1
Kemendag Bangun dan Revitalisasi 1.003 Pasar Tradisional di 2017	1
Pertama Dalam Satu Dekade, Google Naikkan Harga untuk Paket G Suite	0
Tiket Pesawat Masih Mahal, Harga Avtur Harus Dievaluasi	0
Catatkan Laba Tak Sesuai Ekspektasi, Harga Saham Netflix Terkoreksi	0
Muncul Aturan Urun Biaya, BPJS Kesehatan Ingin Tekan Defisit?	0
Ciri-ciri Meterai Palsu: Harga Murah dan Jual Lewat Online	0
Pengusaha Hotel Sepakat Beri Harga Termurah bagi Wisatawan yang Tertahan di Bali	0
"Ikatan Alumni ITB Ingin Indonesia Tak Hanya Jadi ""Pasar"" Industri"	0
Stasiun Penyedia Listrik Umum PLN Jakarta Raya Raih Penghargaan	0
Bagikan 10.000 Sertifikat Tanah, Jokowi: Tak Ada Lagi Sengketa	0
Boneka Barbie dan Hot Wheels Buatan Cikarang Kuasai Pasar Global	0
September 2017, Jumlah Rekening Bersaldo di Atas Rp 2 Miliar Naik Tipis	0
Pasar Ekonomi Syariah di Indonesia Belum Tergarap Maksimal	0
Presiden Serahkan SK Pemanfaatan Hutan ke 1.685 Petani di Boyolali dan Pemalang	0
Kena Bea Masuk, Harga e-Book Cs Bakal Lebih Mahal	0
Produk Kecantikan Ini Dijual Mulai dari Harga Rp 1.000 di Harbolnas	0
BI Minta OK Otrip Penuhi Syarat-syarat Ini	0
Aqua Vs Le Minerale, KPPU Nyatakan Aqua Bersalah	0
Perguruan Tinggi Didorong Ikut Kembangkan Ekspor	0
"BPJS Ketenagakerjaan Pamerkan Sistem ""Perisai"" ke Pemerintah Jepang"	0
"AP II Operasikan ""Skytrain"" Secara Penuh Per Hari Ini"	0
China Batasi Ekspor Minyak ke Korea Utara	0
Luhut Larang Penenggelaman Kapal, Susi: Diatur Undang-Undang	0
Harga Bitcoin dan Ripple Anjlok	0
Daftar Barang Impor Terlarang akan Turun Jadi 20% di 1 Februari	0
Garuda Akui Jadi Inisiator Kenaikan Harga Tiket Pesawat	0
YLKI Minta Biaya Bagasi Tak Lebih Mahal dari Harga Tiket Pesawat	0
Harga Tiket Pesawat Masih Tinggi, Biro Perjalanan di Riau Mogok	0
Harga Tiket Pesawat Belum Turun, Maskapai Siap-siap Kena Tegur	0
Ekpansi Pasar Dalam Negeri, Passpod Gandeng Tokopedia dan Loket	0
Anda Kecewa Harga Tiket Mahal? Dengar Nih Curhatan Maskapai	0
INACA: Harga Avtur Jadi Faktor Utama Kenaikan Harga Tiket Pesawat	0
Harga Tiket Pesawat Turun, Biro Perjalanan: Belum Stabil	0
Pemain Lain Perang Harga, Kok JNE Naikkan Ongkir?	0
Sudah Ada Dampak Harga Tiket Pesawat Turun? Citilink: 2 Minggu Lagi	0
Berita populer: Hero PHK 532 Karyawan hingga Maskapai Turunkan Harga Tiket Pesawat	0
Harga Tiket Pesawat Turun Berlaku Mulai Hari Ini	0
Hore! Maskapai Turunkan Harga Tiket Pesawat	0
"Jasa Penulisan ""Caption"" Medsos, Upaya Penuhi Kebutuhan ""Engagement"""	0
Kapal Negara Disiapkan untuk Salurkan Bantuan ke Korban Tsunami Selat Sunda	0
Lima KA Dicabut Subsidinya, PT KAI Tak Naikkan Harga Tiket	0
Setelah Plastik, Kini Jokowi Mau Bikin Jalan dari Aspal Karet	0
KPPU Akan Diberi Kewenangan Bisa Periksa Pelaku Usaha Asing	0
Minat Pesan Rangkaian Kata? Ini Harganya	0
Kapal Kemenhub Bawa Bantuan ke Pulau Sebesi dan Sebuku Pasca Tsunami	0
